MOUNTAIN,ELEVATION,STATE,DIFFICULTY,DISTANCE,Degree,Minutes,Second,Convert min to dec,Convert sec to dec,LATITUDE,Degree,min,sec,min to dec,sec to dec,LONGITUDE,FEATURES,IMAGE
Washington,6288,NH, Difficult, 9.5 miles,44,16,13,0.266666666666667,0.003611111111111,44.2702777777778,71,18,12,0.3,0.003333333333333,-71.3033333333333," Waterfalls, Cascades, Brooks, Lakes of the Clouds Hut + Lakes, ",http://4000footers.com/photo%20washington2.jpg
Adams,5774,NH, Difficult, 10 miles,44,19,14,0.316666666666667,0.003888888888889,44.3205555555556,71,17,29,0.283333333333333,0.008055555555556,-71.2913888888889," Rock Scrambles, Mossy Falls, Madison Spring Hut, Ice Caves, 360 ",http://4000footers.com/photo%20adams1.jpg
Jefferson,5712,NH, Difficult, 5 miles,44,18,15,0.3,0.004166666666667,44.3041666666667,71,19,1,0.316666666666667,0.000277777777778,-71.3169444444444," Cascades, Rock Scrambles , Alpine Zone , 360 Degree Views, Peak ",http://4000footers.com/photo%20jefferson.jpg
Monroe,5384,NH, Difficult, 7 miles,44,15,20,0.25,0.005555555555556,44.2555555555556,71,19,21,0.316666666666667,0.005833333333333,-71.3225," Alpine Zone , Waterfalls, Gorge, Peak Bagging ,",http://4000footers.com/photo%20monroe.jpg
Madison,5367,NH, Difficult, 10 miles,44,19,42,0.316666666666667,0.011666666666667,44.3283333333333,71,16,42,0.266666666666667,0.011666666666667,-71.2783333333333," Rock Scrambles, Mossy Falls, Madison Spring Hut, Ice Caves, 360 ",http://4000footers.com/photo%20madison.jpg
"Katahdin, Baxter Peak",5268,ME, Very Difficult, 11.1 miles,45,54,16,0.9,0.004444444444444,45.9044444444444,68,55,17,0.916666666666667,0.004722222222222,-68.9213888888889," Peak bag , Incredible views, Ranger Station, Roaring Brook, end ",http://4000footers.com/photo%20katahdin10.jpg
Lafayette,5260,NH, Difficult, 9 miles,44,9,38.54,0.15,0.010705555555556,44.1607055555556,71,38,39.7,0.633333333333333,0.011027777777778,-71.6443611111111," Cascades, Shining Rock, Brooks, Greenleaf Hut, 360 Degree ",http://4000footers.com/photo%20lafayette2.jpg
Lincoln,5089,NH, Difficult, 9 miles,44,8.95,0,0.149166666666667,0,44.1491666666667,71,38.66,0,0.644333333333333,0,-71.6443333333333," Cascades, Shining Rock, Brooks, Greenleaf Hut, 360 Degree ",http://4000footers.com/photo%20lincoln2.jpg
South Twin,4902,NH, Moderate, 11 miles,44,11.25,0,0.1875,0,44.1875,71,33.32,0,0.555333333333333,0,-71.5553333333333," Little River, Peak Bagging ",
Carter Dome,4832,NH, Moderate, 10 miles,43,16,1,0.266666666666667,0.000277777777778,43.2669444444444,71,10,44,0.166666666666667,0.012222222222222,-71.1788888888889," Peak Bagging , Carter Notch Hut, Carter Lakes,",http://4000footers.com/photo%20carterdome2.jpg
Moosilauke,4802,NH, Difficult, 7.6 miles,44,1,24.57,0.016666666666667,0.006825,44.0234916666667,71,49,52.71,0.816666666666667,0.014641666666667,-71.8313083333333," Alpine Zone , Beaver Brook Waterfall, 360 Degree",http://4000footers.com/photo%20moosilauke2.jpg
Eisenhower,4780,NH, Moderate, 10.4 miles,44,14.44,0,0.240666666666667,0,44.2406666666667,71,21.02,0,0.350333333333333,0,-71.3503333333333," Alpine Zone , Brooks, Gibbs Falls, Crawford Cliff,",http://4000footers.com/photo%20eisenhower2.jpg
North Twin,4761,NH, Moderate, 11 miles,44,12.14,0,0.202333333333333,0,44.2023333333333,71,33.5,0,0.558333333333333,0,-71.5583333333333," Little River, Peak Bagging ",
"Katahdin, Hamlin Peak",4756,ME, Very Difficult, 11.1 miles,45,54,16,0.9,0.004444444444444,45.9044444444444,68,55,17,0.916666666666667,0.004722222222222,-68.9213888888889," Peak bag , incredible views, Hamlin Ridge Trail, Upper Basin ",http://4000footers.com/photo%20katahdin10.jpg
Carrigain,4700,NH,Easy, 10 miles,44,5,36,0.083333333333333,0.01,44.0933333333333,71,26,51,0.433333333333333,0.014166666666667,-71.4475," Carrigain Brook, Summit fire tower, 360째 views",http://4000footers.com/photo%20carrigain2.jpg
Bond,4698,NH, Moderate/Difficult, 22.6 miles,44,9,11,0.15,0.003055555555556,44.1530555555556,71,31,52,0.516666666666667,0.014444444444445,-71.5311111111111," Brook/river crossings, Pemigewasset Wilderness, Peak bag ",http://4000footers.com/photo%20bond1.jpg
Middle Carter,4610,NH, Moderate, 10.9 miles,44,18,11,0.3,0.003055555555556,44.3030555555556,71,10,2,0.166666666666667,0.000555555555556,-71.1672222222222," Peak Bagging , Nineteen Mile Brook, Appalachian Trail",
West Bond,4540,NH, Moderate/Difficult, 22.6 miles,44,9,17,0.15,0.004722222222222,44.1547222222222,71,32,37,0.533333333333333,0.010277777777778,-71.5436111111111," Brook/river crossings, Pemigewasset Wilderness, Peak bag ",
Garfield,4500,NH,Easy, 10 miles,44,11.23,0,0.187166666666667,0,44.1871666666667,71,36.65,0,0.610833333333333,0,-71.6108333333333," South Branch Gale River, Peak Bagging , Garfield",https://i2.wp.com/www.trailtosummit.com/wp-content/uploads/2015/05/garfieldsummit-twinhut.jpg?resize=798%2C600
Liberty,4459,NH, Moderate, 10.1 miles,44,6,57,0.1,0.015833333333333,44.1158333333333,71,38,32,0.633333333333333,0.008888888888889,-71.6422222222222," Brooks, Peak Bagging , 360 Degree Views, Liberty",http://4000footers.com/photo%20liberty1.jpg
South Carter,4430,NH, Moderate, 10.9 miles,44,17,23,0.283333333333333,0.006388888888889,44.2897222222222,71,10,34,0.166666666666667,0.009444444444444,-71.1761111111111," Peak Bagging , Nineteen Mile Brook, Appalachian Trail",
"Wildcat, A peak",4422,NH, Moderate/Difficult, 8.4 miles,44,15,32,0.25,0.008888888888889,44.2588888888889,71,12,5,0.2,0.001388888888889,-71.2013888888889," Peak Bagging , Gondola, Glen Ellis Falls",http://4000footers.com/photo%20wildcat1.jpg
Hancock,4420,NH, Easy/Moderate, 9.8 miles,44,5,1,0.083333333333333,0.000277777777778,44.0836111111111,71,29,37,0.483333333333333,0.010277777777778,-71.4936111111111," Peak Bagging , Hancock Loop Trail, North Fork Brook, Loop hike",https://cdn-assets.alltrails.com/uploads/photo/image/12122069/extra_large_bc5706299c62ca8cdc98007b5477c3c9.jpg
Mount Mansfield,4393,VT, Moderate/Difficult, 4.8 miles,44,32,38,0.533333333333333,0.010555555555556,44.5438888888889,72,48,52,0.8,0.014444444444445,-72.8144444444444," Long Trail, Peak bag, Taft Lodge, Eagle Pass, Mount Mansfield ",https://80d2853cc4def76b377d-54344bc01a8b066c84096a8e7a3499ac.ssl.cf1.rackcdn.com/original/73689.JPG
South Kinsman,4358,NH, Difficult, 11.2 miles,44,7.38,0,0.123,0,44.123,71,44.2,0,0.736666666666667,0,-71.7366666666667," Cascades, Rock Scrambles , Peak Bagging , Lonesome Lake Hut, ",
Field,4340,NH, Easy/Moderate, 11.2 miles,44,11.77,0,0.196166666666667,0,44.1961666666667,71,26,0,0.433333333333333,0,-71.4333333333333," Brooks, Ripley Falls, Limited summit views,",http://4000footers.com/photo%20field.jpg
Osceola,4340,NH, Easy/Moderate, 8.4 miles,44,0,5.81,0,0.001613888888889,44.0016138888889,71,32,8.21,0.533333333333333,0.002280555555556,-71.5356138888889," Brooks, Cascades, Limited Summit View,",http://4000footers.com/photo%20osceola.jpg
Flume,4328,NH,Very Difficult, 10.1 miles,44,6,32,0.1,0.008888888888889,44.1088888888889,71,37,40,0.616666666666667,0.011111111111111,-71.6277777777778," Brooks, Peak Bagging , 360 Degree Views, Flume Ledges, Flume ",http://4000footers.com/photo%20flume2.jpg
South Hancock,4319,NH, Easy/Moderate, 9.8 miles,44,4,24,0.066666666666667,0.006666666666667,44.0733333333333,71,29,14,0.483333333333333,0.003888888888889,-71.4872222222222,"Peak Bagging , Hancock Loop Trail, North Fork Brook, Loop hike",
Pierce,4310,NH, Moderate, 6.2 miles,44,13.56,0,0.226,0,44.226,71,21.96,0,0.366,0,-71.366," Alpine Zone , Brooks, Gibbs Falls, Crawford Cliff,",http://4000footers.com/photo%20pierce.jpg
North Kinsman,4293,NH, Difficult, 11.2 miles,44,7.38,0,0.123,0,44.123,71,44.2,0,0.736666666666667,0,-71.7366666666667," Cascades, Rock Scrambles , Peak Bagging , Lonesome Lake Hut, ",
Willey,4285,NH, Easy/Moderate, 11.2 miles,44,11,0,0.183333333333333,0,44.1833333333333,71,25,0,0.416666666666667,0,-71.4166666666667," Brooks, Ripley Falls, Limited summit views,",http://4000footers.com/photo%20willey.jpg
Bondcliff,4265,NH, Moderate/Difficult, 22.6 miles,44,8,26,0.133333333333333,0.007222222222222,44.1405555555556,71,32,26,0.533333333333333,0.007222222222222,-71.5405555555556," Brook/river crossings, Pemigewasset Wilderness, Peak bag ",http://4000footers.com/photo%20bondcliff2.jpg
Zealand,4260,NH, Moderate, 11.2 miles,44,10.78,0,0.179666666666667,0,44.1796666666667,71,31.28,0,0.521333333333333,0,-71.5213333333333," Zealand Falls, Zealand Falls Hut, Zeacliff, Zealand",https://cdn10.bostonmagazine.com/wp-content/uploads/2015/09/23-Mount-Zealand-and-Twinway-Trails-Photo-by-Elizabeth-Kilmarx-on-Flickr.jpg
Sugarloaf,4250,ME, Moderate/Difficult, 13.2 miles,45,1,53,0.016666666666667,0.014722222222222,45.0313888888889,70,18,47,0.3,0.013055555555556,-70.3130555555556," Peak bag , Sugarloaf USA Ski Resort, Appalachian Trail, ",http://4000footers.com/photo%20sugarloaf1.jpg
Killington Peak,4235,VT,Moderate, 7.4 miles,43,36,16,0.6,0.004444444444444,43.6044444444445,72,49,12,0.816666666666667,0.003333333333333,-72.82," Summit views, Cooper Lodge, Bridged water crossings, Brewers ",http://www.killingtonblog.com/month/201701/graph/20170112.jpg
Crocker Mountain,4228,ME,Easy, 8.6 miles,45,2,50,0.033333333333333,0.013888888888889,45.0472222222222,70,22,58,0.366666666666667,0.016111111111111,-70.3827777777778," Peak bag , bushwhack, Crocker Cirque, Crocker Cirque Tentsite, ",http://4000footers.com/photo%20crocker1.jpg
North Tripyramid,4180,NH, Moderate/Difficult, 11 miles,43,58.4,0,0.973333333333333,0,43.9733333333333,71,26.57,0,0.442833333333333,0,-71.4428333333333," Sabbaday Falls, Sandwich Wilderness Area, Brooks, Cascades, ","data:image/jpeg;base64,/9j/4AAQSkZJRgABAQAAAQABAAD/2wCEAAkGBxMTEhUTExMWFRUXGBgXGBcXGBcZGhoXGxcXGhgdFxcYHSggGBolHRoYIjEhJSkrLi4uGB8zODMuNygtLisBCgoKDg0OGhAQGi0lHyUtLS0tLS0tLS0tLS0tLS0tLS0tLS0tLS0tLS0tLS0tLS0tLS0tLS0tLS0tLS0tLS0tK//AABEIAMIBAwMBIgACEQEDEQH/xAAcAAABBQEBAQAAAAAAAAAAAAAEAQIDBQYABwj/xAA+EAABAgQEBAQDBQYGAwEAAAABAhEAAyExBBJBUQUiYXEGE4GRMqGxQsHR4fAUI1JicvEHFTOSssJTgqJD/8QAGQEAAwEBAQAAAAAAAAAAAAAAAAECAwQF/8QAJBEAAgICAgICAwEBAAAAAAAAAAECERIhAzETQVFhBCIycVL/2gAMAwEAAhEDEQA/APNUIuAQb1DxEMRvQ9InkLBDBx+rQPiJRenekc0d9mZZ+aAhCdgVCj1dQL/X2jU4DionYD9mWrKUZAABdIILgkkkuHNmekYvDCz6/nFjg5pZQuwamxP1rG8eRxYONnuvC5uaWly5yhy4L0vSkFGPLuE+K1ykAKszOkA0IofRj3i9wni9KUqSl5y75icoUdkunl9QxbrHUvyIvRi+NmyBv0v9YQmPNeEeN1IxS0LRMZa0jIQVFPMBmvypajVsKtHouBxqJqEzEuErJy5qEs9h2BPaNYcsZGcoNEqinYwxMT5I7LGqkkQ0yMQsPywmWCwGEw0mJcsIUQwIwY54flhrQxCiHJAhkc8JoaZMZY3rERTCPHAxOLXY7QqYkMyIkmJCt6NClEaZwXtClzcGJUyVAUT9Ii/alCIq+i+ux6cOTo3UwyZhiNjHHGK6QxM86iGlNCuI0iEhVreEEaeiBMsdl6w6OhDQ3LHZRDoQ9oTGNyCFhfSFiR6PnJAUDWg9T89Ydnbqz69RpA+HnGqSfvgpABLN2PXq0eRddnUSGY7MK7fVve8PkzWPKGdqH5wqU/ab51fYC8MHwkks1Q+7gHc/PSG2AUJv2atvZnh+Fygl1qQqhRMBKcprU3caN6wBh1Ery6fLSJ8SpjUO1a3iFKn0A7FY5SQUhVHBYbqvWgNN40HhnxKUqlqWoqKFksSomqVJNXyhLKJrvGRxCHrRjdzUD1ESSJqAgkAMGFQ5HV41jOUdoHGz6B4bxFE1AIUkmr5S4cNmyk/EA4qKQDxTjvlz8NLQxTNLrUbBGUsx3dj2HWPO8P4oEjApCBmmrFZj/ZegAFrfCaF3c2heFcY82dK83MC2VNWADFg5e71Z6ACsdi5rpMxwPYFEbQx4G4di/MQ7FxyqB/iF2IoR1HytBXpHQjMaGh4mpeqR8/xhscwgFYilAmkJD6R1IeQUMymGlMSQvLqS/aHk0JxRAUwjRMYQCKyIxIwmHJJGkPCoVSzCchqNEfmneGqL3h5TCZIaxQO2MaOaH5ISCxUIBCtCgwoMJstIRo5oXOIQqhWOjmjmjgqOzCJBCtCQriOgGfNE/hBQsJzX+E6HoDvEsuSv4SLaghveNHjcKVuMqqVYqllrsRWpD3ihm4CdLBOVKx/K2bo4FajSPOmtHWTy2CSxzaAk/lHJCtRR2oCx7jWAJc9dkhhZ9RuCIJmzFpIdQ2uKxzNNaFsbMcKBSevKWhyp6WZd7O5+YiJWHIIUVJIN8uah6hoEExb1q38QYjWLiAQqQVFk1LbCHKkqSObNtZm6EekEYfFEi6Ap9QwIbQgXiSUAfjQT1BPyVbQe0LNp7AF/aCBlUEkNvX2FDFjwvGS0BLhRU4KSWYANQNqbGKqekpzUArXW9gWMFcLQsJclKhQgML2qzRpHW0FHq/DvF2FlBaUBTAVD1BALgurYUYCDOG+N5cxCVGWoPcAgsRe7R5WVqAWtRdRYankD6hmuYTg3EykpcDIkl2BLAk7ClWjr4vyU3UkYS43Wj2Sb4pkAUzKOwTX50gdHicqCiEBIFszl/ZmrGQ4NiZc7zK5ciyAAQ5DBj9f1SClYoJVTdlPonYJ+8x2rGS/Uypr+i+T4uOskf7yP+sLM8YhuWTXqqnyEUMyrEuQQ7ipHfcPT74hmS9qjQ7/hFpQfolpmrwPi2Wqk1JQdw6h8qj5wYvxHhh/+nslX4Rh/LLOxhPLEPCArkeh4fikmZRExJOzsfY1guPMRJ6xZYTi0+WGzFSdiTTsbwnxr0wyfs3cdGWk8YKhUrB7mJfOSr7T+8C4vsTm16NJ6x0ZlawA5IA6wAeOAfDm98sPwr5EuR/BtWhIxsvxOoXCvcH6iJh4xa8t/VvxiXxtey1L6NaExxR0jB4jxZPPw5Edg5/8AqkVOI4zOX8UxR6Ow9gwhKDDI9IxGLloouYhJ2UoA+xMPkzEqDpUFDdJBHyjyRaybwmYix/GK8f2LI9eKY5o8okcQmoIKFqSeij8xaLnC+MZ6fjCVjqMp90/hEvjaGpG9ywsYU+OJv/jR/wDX4x0LFlWgbEYRCSwUSDulParGKPxDLZFEpZwCeXNl/k+Tt2juJyZiAErTnTQZ6l9qsCnSh+cVieGLmrP7xRyhk56js4AA9jePOrR2lVieBvzSiw6e9RpFbMlzAWJ/XfWNYMLMlEJ8thYTHoLaijuRQwecEiYOYMrW/wAxEVd6CzCYXGGWQMqa6tcehgniCs4zgEEXoWIL2cdYvcbwjKOaQlY/iRmBHcJY+14z0+YErITbYufdvoYxr9uqYA0nHKSoW7bxZCfR2+8+8AYmW2VWQJBFg7HqXN+kPweKy7DsSPpeHJWroB+JklQTQ7Ak9nvFhwhGVJUsUNOjHWlIBMwk8xcCxFfpV4ssMpkBiWtZwTpY01cRM8saQg1KUK+HTR79wTy9+0Vc2SUkhvanX8PlE85ipyyWL8tztb74d5GYpzEJJN1XUG3aMopw7Y2gnw7iwiYMySARo5LMG+bxrcNxKUsqbKQkpbMPici2oD0jESyASoFmpc2ZqWjpysiwAC6cl3qzFtNekdfFztKvRm4pnpkzFS1MQwNKABqBnJ3LfMwPMIJdm2aKnGcSSgfzZSrLtR2MR8JxpXKSVF1i/f22aO6M1dJmbT9l3nPbvDS39or/ADVbe4hTOVqPpGhIRmJtDgg7wGMQRo3oIkTi92is2KkEv1hwWrcwMcWBD/PpVhE+QeI5aSdfcvA8ynXtD/NEIpYgXKPADUoxCst3gqa24hksI3jRTIwBnJ0hFlomWUvQ/KGTCN/SHkLEjeGrhRMFYaJgheRIMBhMcipb9fOGKc2iNQOoi1JP2S4tEij1joghIdAaLBY9aaFlhjcO4/FonVw+Wp/IJlLe1cp3YafKKThuMCg2aoFjUWq3zi1QxH8rW/Eg9DSPJ7PQ/wBKfiK8TILTLH7TDKrcD8DWJcDjkqSCUJKgqzhIPYW1+cE8ZmmgNQQzPSnR2+pjLY+f5Kg4UEqsoVFLuLgiGT/ht5eIllgVBJJZjvsQbflA/E8BJmghWRzZachPSmp/TxRYCciYmi8pqQrQgaENQvEMxKX8tUtlUKiL2NgL/eGiORpLfQIr+KcLVKOScHQfhmJNCdHG/QsYrZ/BpiRnRzooXFW77esXSJ8tKlJBmLTR65UvoySKl+0EYDEZFFMvMBUnMAza1FxWzRGdsszEpZHxIJatPvgmViiSXW2jVr9WjTrw8mfRSfLWdU692vFTjfDxQSQMz2Nxrt0huPsQKibrmJ0Lfq0TYLEEmoAAF/qBt7QSvh6BLQrNVqpAd60agP8AeBFkpUTykGzBk1H3fWMZtPQmF4TDkrBAdIsVOfQ6mJeLgjKpL5szl2+u3zhcAvOOdiXflJHTmrWJ1DmzEA0o+l79SIEmkKivQosc1SqtKW9aPFphMbkQSlgyfgAfmDuSfrTSK/iFGU1rF6NQhrfhA8merzAlmJADNY/feo9IOOUkrQNG2wfOhKimpAMTGWBYCKeTxAoQApgQ1OhN6evvFl5vWkdK5JMWKJvb2ERq6n2pCJWDasd6Q8mNRRzDaEWl9oaV6MfuhwvDyY6Qhlw1UrvEigdIaNoMh0MWlhSphiZRIqAO34tBJVDFTjb6RSkxOKBhJSDZj1hq8nSu1YnSgqZ0N39biJlSj/DDzfyLBfBXLlDq0MVKbSDl4HXO3pEf7L/MR7wZsWAGtgKpP67QxxvWDhJq+dXYfnDJmGSfsv7D5iHmLxsDITuPaOg0YOX/AA/M/jCw/IHjZlOBzsxUgK5b5VX6sr7mLN6xouHY53QCzXSoMobM9/WBMd4TnyJgmyP3gvRwe6SKKpp1tB88cnmKBQvLRQDKAJsUmt/skXjmujarHTcUkVUsU+yWCv1cU3homomKChlLMQkjXcuH1v8AOBV4pPkZp0k1NDk78zGsvf7yIA4diZTukTC1QpC0hgwsnLUPX1i0yKNLL8PYSaXHmSlkOVINHDUYnKXe4SPnWPHeClBXmS52Ys2WYh6NRlAX7isMwnHEEZZjDZbMX3UKt3qKG0XUvHqWksqw5VByH0Jym349omUb0O0YrG4ZaW84ZFW0Zn3FNx6mBMHiEg5VoCkOWBu3fto0bzDKeTknrQVKzKy5szD+bP8AFW1NYzszgkiYCqWcunKaA6OnTtSIjx0HRCEoWckr0DCobTb8tILkJnS05Sl9nf0oH0+sZ6fgZklX9JBC0hxd9K+kb7ATvNkJUtGgbrrUBQLvcdIUU46sqrMvjcKlQzOJarg6P/SQ3yHWKPFz2UAq+pc2qKjUXr0jTT8HOM05EsFAqD5ikvoPtCrmoo5vFDxGYC8tSS4dswAIO6SPShvCcbexNAy8bXKlsupAv63iwkTxkBqW00394o5KqZVJqDV6EesFyJa0kANezguMtHIiddEoMxE+zmhHo9LlyYaqSP8AUJ5tLCtWNRQBwX6QXiUJygk/yggsHN3oX9oCnABQCjSl6h/wpGcZL0IsQjMpyCAPisQwagerEsDFhw6YpOVFxzOexLXvaK7zlOm7a/KCPNF6jKNab+7kkxcZOxh54kgrQgKBBBJL227mD2jMJQgELNjqC24DKuGYmL3h+IVZZFUgijakW60+caKQWGmVHZYXzNm9IbnrDtsodkhCiE82GhcUrHQoQNDC0EMJhpG8MB5ngQxcwmEpHEC3tDsYipmhP94jWsn9fpoZiJajYsIaJFGgsQq1K6e8OC45Mk6/OJ26QWMhJO3yjocV9RHQshUGS1KWOUABiBlJqSNSkUiqPEl58kxANWynKoEsw5i/6+VXh5s2XSg9xtS7Qz9rWVOsvUPrYU7Q+xGuXwTEBOZM1CQQWSpAm5dglSAk0FKgl7sIxnGODLlKKiqWlWZjlSUgklgQzI/2nXW8encNneZJQ8xSc2iFLSVEbENrSgeJeKrQosoZgzAGobq4I++M0UeSSs6gdSnYh/UExYYLiZllkG5DpI+bFm6xp+N+FsIqqUiUoWMtRl+yWyn1EZ/FeF5g+BfmNYLBQR/SoOk+wjWyGhmOUiels5lzA7V1/lVpFNLxUySrncEUKmYgaOK+9jE03CTpasykLCGq/NlbULS4I6PrEqSlbOHbVyKbPtBd7AtcFxQKBBYFgc1gQ2nWDMBxNEsnmITawUAX2/CGDwklcpM3BlbqBPlrUnK3MFBKmBBB3dJtSKdfDsQlflLlLC2+Fj8O4AuOoiE23voqqNenDzZ0krQJU1OZT1ykAC2Us1NCdiOgS+G50JRiJqJaP4BKTmCwGYKBOYCtIzkrEzJb1WkuMyXUl2FMw1HeLvhq5/l50IUEpYlubKGJ5RdWr3AJaBugKzGeEJqiky5qFS6ZSoFBynVwCFdLRDi+EYhAUgSzMSSOZCqMHZx8R7Rpp3GpoIVLXLKVUCVZsz6DMKFzrDsNxOYteSbhVySn4lOnKNXCiwI7PCcIsloxUrFBJYp/eBwULBdOzOHJ1ZoI5VEKbmAH8JHUsRGq4jw6VP8AiSS1AoXHq3rWM5xHhU2STlP7tnch3pa9PS0Yy4nHoQs2dWhABo5Y7Ua4PWBMSpTjUWatd9aw3GTswzKFgK+tOp7wmHlqWoFBYVcM9mdt2v8ASJSrtASYhIyAZqhqMTcOWFs1SO0SYeeVkLrmAs/cfDUjsPwiTGSgoZkkk1BIp7OGbbWAsLMKAK1JDju1xpf6Q3OxBvDMaUzUpJJzUNfQEPb5RpZayczB8pynSrA694zmAlJWFKUwqDbR39vzixlKmIQSBncuKgE0+4tGkHRUQ6ck6jTf74cg6awyRxBKlHRIDl/V6dGNYIAB1jRSstDAG6wkJMl/zFj+qxGNjvpABKzi8IIUphpRDA4npHVuPaOVTtDV0hAPSBHExHWEXYXgAQzEjWOhgMdABSrlKSSFFVLhxcaG8RGYi6XcA0Jd+2wi6l46VPmKWtOSYalQqFehsfXSIsVhXBdAUKhxQ/lFUTZH4b8RTJKcgmEDmIHKwJuRmBfeJj4vl5yMpUQMoU7ukUq7MTUnvFLiuH5pkuWgFBWaihcC7Ha+kaPG+GZExmlqSUgAFAItbN1O5hVsLCpfFVlymX5iNVOA27Jcn5aQ+TisxPx1OrB6WFdNve8CHA+XzBs3QOco9nOlBAkrGTQrJmUtSlUBGUnarBvpu0NMGX5SQ+Ut8vy0gGfw6Qv4pbKvmS6dbsKE9wYiwE9QP705VNQqLJelH1PZ9TB8qakg1ftVr3IhgG8HnjDoEpKiUVLGqkuasQR9Iv04tBNWAD5gpR1sGI3ZydmjJzAksXNxUO460PyiWbmUnNnYuHulzuGse56RLiNM0GNCAlSTLCQoAH92g0D82VYqHoHSbmK7GzUy0NLTyJCgSyaAg6CzuSTpFbgeMLzLlqLijlhmO2Y3VV7vbtHcbM1cookKSkqSQ5qp9k2AJsSbPCxCzNYuYSHoWtQD6RYcKBnjy5iFqoWKVEEFnGahBru1/SM5heD42UQkgkFgAElYPYjWL7xVx0SpacOAE4hkKmKSlKGLOAWD52y/otDb9CSLLCcBnSlroSkMUqYnMn+IkWLAOGpTvEmNxaUEJWlT1CgxIFncsz9NIzXAPGOITNCZ01S5auVRLco0LAU9I1uM4mjOghQZ3uCFC4Dai3pHVwfjPli3Zzc/5HiklRlMaJaywSclcqtBf4lN0v6PEa1GQ60oR5atr/nrFjieItmC5KMiiGIlhKVXJyFDMHFgXFHiI4FRSkoQVSSTQpCu5oCzW5tzHNy/hvjV9r6NIzUnSKTBrScxJIJOtr0BbS/tEM9bLJXmSXHb3epA7xaYjHyEcvk25VBhTY1uL6xT48ATSoDlUAopYMHegFW0jkX7bqi6LeSghB1BoB00ra0TzMdlAUkggMGoRQM1BfWK1E/KgKoadqdGh8uekANc01LPruYeT+BWGzh+8Jls+UFrvmdwelveJ8Jj1gJK0skJYqtzOK16PFdh5jTCw0a3TrYflB82aFhIPwuxA3b+8VFjTLSXiBQhQ5g4G4h4NG/QilmDJMBBAASeUPYXZ4sUzQXIY0B6sQWf2MaKRaZP+0ZXelaQvnPR4hUsKSbMaON3bTrEClkG1Lvfs3TvDBhgJA3eIkqBvEAUqtXFgQzN20hi0El2o2/1hhYYmYP13aFK7MXG8BBRfpDzMAAD730aEFk3m9I6BM6lVe/QR0MLKQUr/eL/AAvEU+XzUp3foBGalTB3JgqXmWpKB8RIHvGiZBcycP5cxU0HmUGFaISWLGp5yQ5ZmqBvExxExXxLBFN9qRYL8IJmEqTMmJYAZcyAimtUKLtC4jgSpctWUKVMTYJUlThqZs2XKXBsIzsqiuGLUBSYQO7uz9aCI5mKUXYAm2cs/WrE+0N84AtMTkVp5gKdLgqDH0PrCzATYhQO396RVhQOuUWJBLgVBIIen9qRBLmlKqEhRcVLa3c1pBhxEsJKVAAjdwQHIOU6lntv6wIjKugzZTV3cfqkCYBGC4nMAKX1Jrqf12AeLiRxVJPM4fW4J6i8Zvy0uySNfiN/anvEgli71SaZau3Wn6MMRqlS0FbgHmYUFDWnp0tBCsKmXlUuYkVDJAJUWNgn31jLoxSmADWar96eu28QmdNTMCwxNAc3Nyi7agaNo0Jp+i4uK7Rp8ZxpWR5ZEqUVAKKf9RnZ1K0q1BvGJ8QcEmzCMQgqKZqi6lOSlmA8wpBFdPUdTppcxM2WoUGaigN6MepoD6RXeFkkzBLnZlICi6a0odhox9AREuNdBnb30Zz/ACSZKnITXzDLRMGxJJYt/DQ7fOJuIYrESlZsssk6lBr8/wAo9WxXCZQVLnBAHlpyAF3ynKR8RqzE2+0YwP8AiGhKZ8kgJTnCtQlNCPi7vfpD4+dr9AnwprMg8P8AFlTkLK1lShl5SElJqAQ3rc2aNgs5ZIEtmQnOAhw5+K7axleDzZCJsryssyd5kpPKHTzqZXdgFGh0FaGNzizNKyJklPllw6FA1LAE5gkAbvbeldZS1Rkl7MSvEqnEiaAp6OKKGzKGgNhaJBwFE9ASJrKGY5lJGejBmoCir0NxpFtjPC0wTAUBHllLkJWCxsQM1FDUMenew4VwnLnUrKCFEIerBrlQ+F7VjKVVotX7MZO4EuWhUuYeQmikg6HVxRx3Ffd6cEny1ZUhLBk7vQknfWNVxPhpOVUidlVdSV86FEO7vUEuzh7dIqZclSh8NAWmMoZRaoKWLUI3Dxzzg3tBRnFYcpQFl85I5RoK3G7xKA9XZql6aB6Gr1iwVLSuYUpompKVFlZXqxDhQcGlIrsWkggZS5t2J1ejWP4Rncrpk0GS8qlAWCWtRzZiWeCxLQlVK5ms3pTQAfWKmViAhWUpOYtrS9nFGgmZiKi4NND9Tp+cNTfQ0HYQHmJ/ioOlqDuInoXBZtjAqZl1EsdPbV670ivw/ESZhc6Hd9ww/DpGqmUmWokgG5IpQMIano7VNb09YdmOnpCrKtG/RjQKIkpJqLej+xjim4USaxIUkc3W4+dIH811sTYO0AiYd46BFOa0D6NppHQDKbDpAMWvA8SiXMMxXMzgNYKNHJ7P7xnFTTQW6xfcLlBKAFMQbnTpFWI2vD+JS5xo6Fb5iD2cVHaLLDygkk5iom5USS2wewfQBo84ACVliSlQbKapI7XHvpFthsSoAZJygALVPt/eCvoLNxMSlQIUkKcVBqD6GhihxHh7DIymXLXLKjUyiQHYtyWANrbQHI4tMBqosNSE/MAxZTeMAg5A6mo5CXPS9PSFQWVGM4NMAMtKkzQweWsCWoorYvlUaXpbpGeQF4UrRMRMRLNgokMTQh7ERquF4hPllSg62LrNf+Wp2bWNAmaVpGVlalLh7Uv1gaH2edomJV8C5anuAz0re7/hDZmIKByglqaXbcg0vGqw3Dpc8rM7BolKcgLRRX++WxHcFjEE3wjL5hJmLSwssCak6/aAV7K+kOwpGblcT/iTXSv0DQq8bLscwu7Aj3hnHcBPkqSFylLSRRcpJUAzOSAOXt8zEXDcZh5iimbMALfbBRrV1Mz92hZNDpMLlcSSks5bTf1VV/aLDAY8InBYq5BYkO7F6nepeB8XhpYGaUqUyU75nPQpJBJfWAcDKdbFTqKqtXK1XITQEnfQwN2gqmXHi3/EGZKWZMgAJSrLMUoZiQGdKQ7Cjhy59oC/xQwa1plT0JJlJDqV/CJmTI4uHgjFcDl/tIxQF1BYFMucMSVJAopxmIs51jYY/CftCJslaSULQylA/CopoQkOVEEg2akZ2skaK8WYP/CbCJUufMIqny8qg2ZKud1JJsWJHYmPUwnMKFy5vU7lzYmMB/h/w6ZhJ0+VMXLKSUgNUFn53+y4an4Rs+JGUkgiajMqyQeY/wBDV/V4u9mbVIiVMzEst8rWLs4cC7OR1hq5qqg2LuXINqgqBBrtCysiVlaUJClhl1oWse4grEy5YT5iVkA6AOXZyGuTfTSKf2JFJipQyoRKSsJZsqKkKehzFy9auWpDuHTcQChM+X5eYMrM4Y3DkBiaG2wNoLM6gOU1v1B1cA9oemflSUCiVN9kMSKPZ3ZhTpCaYCK4YlSgJiUzA1JgAdBdhQXd7hmiox/AwlZCZiSbgPUsQ4WnTSsXUnECkuYM0slqPmBNmKa3rFrOwKS2rOKgGjDVnPq5jOUd7Hpnlp4UuXmUsBlORQEM5srpUNA4k5iGGUBi9zdmBdi4/VY3uOwZKFy3+GqSRrV6WIvY3VaMuuUlAyh8nxPoG0Dl94ynB3ZLRXGamWkGpKrP1/TbwMQStRYmlCABdmGU6xOJksqqSRQE3AowPWGLwiwsqBfShiEnHtkslwU5WZlO1QC32gWPb8onkT8yyB9nUaw5UxiXFw30++K7DSFJmBVMrnUVvtGqfwxplq+UHatdtTDZaUzAWZzR9WHXSGSsU7k0D6tsPeFEkDpV6bxqWwWcJgLOS1HeOhysQxYgv0FI6CxUTScHhFV5+oQoHW+VYt23iykeGpZHJNWAA73Z9GAFb7aCJsRgcOgq8skmrqOVTh9LC9LQ/AYOagEkkgGgYswd3CXYuTr7RpQixk+E8KlIKzMW/VvVk6e94kl8Jw4VllyCo1IdS3ozu56tB8uVMUnKlUsOksy3oCKkNoe8cnFIkkknMQ4tVrtpS9hCGRYbDygCDKRLU/wkBSulS9fXWGcUwqQkciUqNHCQ38tg8Sz5qJkxBSHsFBQAuLkGmgrW8TzUsQaNQJsVBT3A7bdO8MDPYjhiQnKXQoh3fMj2UcxDk60hvh3BrlrMxUxK0kZBlJFXq4a4IPaJ8VJyrBdUxLPUpyg6gEC+wGpG5gkYOYEr5QKBeh7DuWS/b3QBqcQbv9x11MD4nEKAfLmbR2Pt7RYylJSQhTEEO4roD1oN+nQxHjMGpbhLJ6gAjQ00YjXSsIZRjiyUnmJTV9KVGzGr3rBkzBYbEJ/eSkKBrmyh/Qioih8T4xEoIlTQQSsrKgHZKQ3tzfKLrhKDLUhMmamYFAkpALAUFKV+IUETIapAK/8AD/CZs0uiqsCc49UqrFz+xIwySEYfMlMojKlAzEuK5tS70Aep7CfC4guwRkIJDKy5iQCMxag3pvFjOxCUgFYZxWrwthoxOK4VNxC08i5SSQJi1KCGRQZAgFycpYOKvFzguJykTZonLPQhJQkswHMkvStTq9mAi1miSsPWljs4L6s5S9dA8QqElSC/MGrmSk3uX0H4iG7b2VaUa9mUxfEB5iJipiQrMAFEpS6TzAHcCgCvpaLlPHZKZqzcLIK1JcJzswrYKIN9Q1bRncf4Jzf6M7lJqhafhBtlUScw7++xnDvDi8PKKAAsqJJJL1oKJdn6vFUqM7ZYzMYnMVpHI/KX6czg7Qz/ADcJWAhXOK5Tb1bp1gdIVJ+wxLguxDMkkB01FdNoofEUt1KXIyIZjMQ5dJUQxSS/didXZopfZLPRZYC0pWAEk1VUEP0uRqenasRY7BKRUj1cH9GKDwbiFqlKlqLqd05iq6kl3WActQGd7DtFtMRPISnzFHKoFSSEAEKCgluYqVX0+6F2UMUopIYpNH5SCz76gxY4DjVClQKSOV2FaAgse8VWKlKl8y0hL3Vy1AqHPvrFTwnjAxM0JQwLXPOKndJowBrXSKlTQkzWTVIZSgkl65hoptU+l/wiqmYaTiGTlGYVPl5Ukm1T8Ll/hI1hcVhVioBLZiXACgAzkVII7GJOCTXSoKIKgXqKhLHsWcfKIaVD9mSn8FS6jKXmZRzoWkJUmpcMLs0CzJqSGSAV6MK9SwMegcRwSEqTMdmcOCQGPR2I6F7RUcQ8Kh1GU0sljW2ap07OwAN4xlxZCMTgyVqJL/8AsGFNmDEsTDlSWLuWFg9XPeI8RhZ0iZ+8yUNFMcqru21ND+EEjDqUWQhizhxQg1of1aMXx06QqK+bKVUC3xBzcU1f9PFlh5pJZ3oDTSmv61iBUlRSAoEKcONvdw0SYQBKy9UtXQ2q8XGTi6YLTFM3ZYEdBYmSDXMB3hI3uP8A0i7DpM0JSyVtVuUABi1HVtQtB0rHDymUXSKijKehuWYu3y6wCnDAzDlU609QetTpVtInlDMm2bQtpQB93e0bEkp4llCVqUSVcgAJYuda1Ft4lxuN/dnMkKVmAFWcUaoqRvFR+xAOpQYFh1o7H2Ap3gxcxSZZzFIyj+UDK7Ajq9d6wABnFrWSD+7UEEJUVgbMlVaGrj1rUxHwvxDMWRKAJXVJcBzoahLJHzt0iv4Vi0JUqYTUVcszAGvTW0OlcVCJymolSmv1Ac07Q2I2s3E5QiWoJqrMSA7mtnoCN9iI7iHEiSQA/e2Vq30p8/SBpqkrAUXo1BcntE+JEvyC6E5i7FWvuLa+kIZCeJpo9sw1uQFEv7U9IIw/G5bBlshTZNHJAKQTodidtiIpJgRlGQkkUrzAO4JGZ6dIIRhUAAFIZw4NGowJHQ6izQws0eIlS3E9SEzCAfiGYhJIzBINAbd4WfxLOQJKQti68p5kgJJDJF3LBnZjFKtPmpCajKxPUV3fT7oXgGLlyQAgOmoGZnSb0Jqxe3SM5RspM0Xh+WJiFTlS1IOZSQFggsKOUkBnL+0E8QkAkWr110aE/wAx5UhsxNWG13hnEcWwSRR0n0Or/hEop0U85TLajAaGigAph2qIkXySiLkihbpT0LUrA09KlKLWCQQP6i1T0azRaTnB8xLmWxFi1y77AEt6RbJK9AbldqA/J9tD9OkGCY1Hd/fd/b3hkmW3MBY0cvQ3D9oWbISRR3JJBHatBrQQwA8fhUrmc9SEsCC1CXtY/wB4yfFcNMSooNlKdP8ASKCrDm19dbnczZQNa2u2o6e0R/sYW4XzDKHGnp169BDJoreCYBUqVmPKXNmdmDDpF8gKyuVgEH7VXFqEM3q9usAgZWSQ6QfUh7F/WDTOBAKQ+zmoHb3pGTTsvRT+J5M3FI8iWghToWVK5UipYPZRu7PQwL4b4AuUVLWEoWCy8qg1wHSwbc3jUYFalJLJSQSdLPu/xfoViOZO8tHlSwlBqcjFLk1ZLhoN9BQVh1k3IVspgCfuNgaNbTQeZw1IV5iMyVMxa3U2o713gCXj86ihToUwWUKFTytUWLfVI2icozOvz5nKxA5lKFTmLBwXFHoz00SHQrCsdJJQyFLLuDYVO9uz9YrPMXLRMVP/ANJILlTOABUnozwR+z5s5E1ZSQAkJUoKTQhX2rl9W61ZoZqM5UM6jnFQ7OMpSc3Wopag7wWgK3DqTiMxQoTZRQxQtLg63uDbShij4lgZkustSikVys5S3aiktqPaL7Dy0ILDMliagml3rcCvyFqgzqkpmpHlrKlCuVK0l3Rlu1B9rSrdiSgn2KzJYiYWDsdy1qU/XSKHEBQW7q0qbba1H5xsZ6HBMtJKkuFJKilTg2Laae+tYzHiCctaQAgoIPMxJ0YhmpvpURzeBRfZLQOuWl/iWOgt6MI6OweOAQkEBx/N+cdGbjWtiNbwhR8u+j+uZNYnw++rX9QI6Oj0C/QJxWyTrAPFUjyGbf8A6x0dFIRncIbDR009DE3DkjKrt98LHQxM1+GL5P8A1Prlv3g3HVw6X/8AIn5hz846OiRlRLqpL/xKHoxgmef3A6Gn+2OjobAn4cedA0ddIqcT8Kf6/wDuYWOgQma3woslIqbgekGce+If0/fHR0Yr+2WuirxBv/SfoIs5Uw/skyp+CZr0MdHRUgIOHmnv98JhviI0ZdPWOjoaAIIv2ETTLA680dHQwA5gv0dodKHN6j/jWOjoBACcUtOOwyErUEKSp0hRCSxo4sYf43UfMSHplH/IR0dGaL9FhihVXQAjoaWgFKy4qdNY6Oi0Qy/n3B7xV8T+JH9f/Ux0dGb7KKMLNS5fNf0gfDYdCFTVJQlJKnJSACT1IvHR0beiAPHTleZhzmLlZcuXNhXekTeJkh0FqlTE6kMaHpCR0c/P/DG+jJSVFrnX6wsdHRysg//Z"
Old Speck,4170,ME, Moderate, 7.6 miles,44,34.27,0,0.571166666666667,0,44.5711666666667,70,57.22,0,0.953666666666667,0,-70.9536666666667," Speck Pond, Appalachian Trail, summit tower",https://cdn-assets.alltrails.com/uploads/photo/image/11072641/extra_large_c15316bbb93b0e097c8a845126c19624.jpg
Cabot,4170,NH, Easy/ Moderate , 11.5 miles,44,30.36,0,0.506,0,44.506,71,24.86,0,0.414333333333333,0,-71.4143333333333," Cold Brook, Bunnell Rock, Cabot Cabin, Viewpoints",
East Osceola,4156,NH, Easy/Moderate,#N/A,44,0,22,0,0.006111111111111,44.0061111111111,71,31,13,0.516666666666667,0.003611111111111,-71.5202777777778," Brooks, Cascades, Limited Summit View,",http://4000footers.com/photo%20east%20osceola.jpg
North Brother,4151,ME, Difficult / Very Difficult , Roughly 13.2 miles,45,57,26,0.95,0.007222222222222,45.9572222222222,68,59,7,0.983333333333333,0.001944444444444,-68.9852777777778, Peak bag ,
"Bigelow, West Peak",4145,ME, Moderate, 13.4 with Bigelow Avery and South Horn. ,45,8,50,0.133333333333333,0.013888888888889,45.1472222222222,70,17,21,0.283333333333333,0.005833333333333,-70.2891666666667," Peak bag , 360째 views, Moose Falls campsite , Avery Col ",
Middle Tripyramid,4140,NH, Moderate/Difficult, 11 miles,43,58.4,0,0.973333333333333,0,43.9733333333333,71,26.57,0,0.442833333333333,0,-71.4428333333333," Sabbaday Falls, Sandwich Wilderness Area, Brooks, Cascades, ",http://4000footers.com/photo%20tripyramid%20middle.jpg
Saddleback Mountain,4120,ME, Moderate, 6.8 miles,44,56,11,0.933333333333333,0.003055555555556,44.9363888888889,70,30,11,0.5,0.003055555555556,-70.5030555555556," Peak bag , Saddleback Maine Ski Resort",
Cannon,4100,NH, Moderate/Difficult, 4 miles,44,9,23,0.15,0.006388888888889,44.1563888888889,71,41,54,0.683333333333333,0.015,-71.6983333333333," Cannon Mountain Ski Area, Old Man of the Mountain Site, ",
"Bigelow, Avery Peak",4090,ME, Moderate, 13.4 with Bigelow West,45,8,50,0.133333333333333,0.013888888888889,45.1472222222222,70,17,21,0.283333333333333,0.005833333333333,-70.2891666666667," Peak bag , 360째 views, Moose Falls campsite , Avery Col ",http://4000footers.com/photo%20bigelowavery3.jpg
Camel's Hump,4083,VT, Moderate, 5.6 miles,44,19,10.37,0.316666666666667,0.002880555555556,44.3195472222222,72,53,10.78,0.883333333333333,0.002994444444444,-72.8863277777778," Long Trail, plane crash site, Burrows Trail",http://4000footers.com/photo%20camelshump7.jpg
Mount Ellen,4083,VT, Moderate, 10.8 miles,44,9.59,0,0.159833333333333,0,44.1598333333333,72,55.73,0,0.928833333333333,0,-72.9288333333333," Long Trail, Peak bag, Glen Ellen cabin close-by, no river ",http://4000footers.com/photo%20ellen1.jpg
Hale,4054,NH, Easy, 4.6 miles,44,13.3,,0.221666666666667,0,44.2216666666667,71,30.73,,0.512166666666667,0,-71.5121666666667," Brooks, Cascades, Limited summit views",http://4000footers.com/photo%20hale.jpg
Jackson,4052,NH, Moderate, 5.6 miles,44,12.19,0,0.203166666666667,0,44.2031666666667,71,22.53,0,0.3755,0,-71.3755," Cascades, Rock Scrambles , 360 Degree Views,",http://4000footers.com/photo%20jackson1.jpg
Tom,4051,NH, Easy/Moderate, 11.2 miles,44,12.64,0,0.210666666666667,0,44.2106666666667,71,26.77,0,0.446166666666667,0,-71.4461666666667," Brooks, Ripley Falls, Limited summit views,",http://4000footers.com/photo%20tom.jpg
Mount Abraham,4050,ME, Moderate/Difficult, 13.2 miles,44,58.38,0,0.973,0,44.973,70,19.59,0,0.3265,0,-70.3265," Peak bag , Spaulding Campsite, summit views, Fire Warden's ",
South Crocker Mountain,4050,ME, Easy , 8.6 miles,45,2,10,0.033333333333333,0.002777777777778,45.0361111111111,70,22,33,0.366666666666667,0.009166666666667,-70.3758333333333," Peak bag , bushwhack, Crocker Cirque, Crocker Cirque Tentsite, ",
"Wildcat, D Peak",4050,NH, Moderate/Difficult, 8.4 miles,44,15,32,0.25,0.008888888888889,44.2588888888889,71,12.05,,0.200833333333333,0,-71.2008333333333," Peak Bagging , Gondola, Glen Ellis Falls",http://4000footers.com/photo%20wildcat%20A.jpg
Moriah,4049,NH, Easy/Moderate, 9 miles,44,20,25,0.333333333333333,0.006944444444444,44.3402777777778,71,7,53,0.116666666666667,0.014722222222222,-71.1313888888889," Mount Surprise, 360째summit views",http://4000footers.com/photo%20moriah4.jpg
Passaconaway,4043,NH, Moderate, 11.4 miles,43,57,17,0.95,0.004722222222222,43.9547222222222,71,22,53,0.366666666666667,0.014722222222222,-71.3813888888889," Brook, Limited Summit Views, Lookout spots, Peak bag","data:image/jpeg;base64,/9j/4AAQSkZJRgABAQAAAQABAAD/2wCEAAkGBxMTEhUTExIWFhUXFRgVFRgYFRgWGBUYFxUXFxgWFRgYHSggGBslHhgVITEiJSkrLi4uFx8zODMsNygtLisBCgoKDg0OGhAQGi0lICUtLS0tLS0vLS0tLS0tLS0tLS0tLS0tLS0tLS0tLS0tLS0tLS0tLS0tLS0tLS0tLS0tLf/AABEIAMIBAwMBIgACEQEDEQH/xAAcAAACAwEBAQEAAAAAAAAAAAADBAABBQIGBwj/xABAEAABAgUCBAQDBgQFAgcAAAABAhEAAxIhMQRBBSJRYRNxgZEyQqEGUrHB0fAUFSPhYnKSsvEHMxY0Q1NjgqL/xAAZAQADAQEBAAAAAAAAAAAAAAAAAQIDBAX/xAAnEQACAgMAAgIABgMAAAAAAAAAAQIRAxIhMUETUSIyYXGBoQSx8P/aAAwDAQACEQMRAD8A+if+HFtkdoAOBrvcVDA9Y2pXFktcxx/HJJcGPQWXL7OJ48R55fDJgygxS+GzAAaDf1jZm8Wvh44mcXPyho2WTL9GTx4/sw16ZQykiB0Rv/zNwygH69Iy5ybmNIZJPyjOcIrqYpREohiiJRF7GdC9ESiGKIlEGwqAURYTBqIsIgsKA0xYEGEuCytMTgRLkkNRbFaTFERszOGqCXVGfMktExyJlSxuIsERPDhmXLjR03C3S5N+0Esij5CONy8GHRFUR6P+Sp+8YR1+gEtmLvBHPGTpDlhlFWzK8OJRDNESmNdjKhaiLohiiJRBYqF6IuiD0xKYLABRFhEHoiUQWAGmJTBqIumCwoDREog1MXTBY6AUxIPRFQWFDitEoB7e8AphxU59oFMuXjkjJ+zslFehemJTBWiUxexm4gaYlMHpg0jRKXcC3WBzS8i1b8CVMSmGRJLtFzJLbiHuhaOhWiJRB6YlEGxNAKYtMuD0RKYNgoJI0gOTDS5iUhhmEaYumM3G31mqnS4g51ZKWN+ghNd4LRF0Q0kvBEpN+QSJcOaXUFEApiUwS75HF6+B6frHDjMZ05ZVmO6YlMKMVEc5OQvREohiiJRGuxlQvREohiiJRBsKheiJRDFESiHsFC9EXRB6IuiDYKF6IuiD0RKINh0AoiUQxREohbDoXoiQxREg2Ch/w5ZsHA839IHqNMgYP43hdEyOjOJjjpr2d7afoEuXHIEEUXio0TM2kU0OStUAAGNukKxYhPvkFa8BtRNCi7efeOJygcBooRBCXAds4piUQSLitiNQdESiCRcGwtAVEWEQSLEGwaA6IlEFiQbC0BURKIMGjmDYehxTEogqWe8WD2hbj+MqXplKwIKeHqAf6Zg0rWkbQUa5R2jNzmaLHASkaJSuw6mOP4VXTtDgmq6WiqjD+SQvhiI+HBZWjUrEdrF46RMIxaKc3XBLEr6CVoyCxZ/OO06BZ2jpaibkwVE89TEvJIpYoi38ErpFfwqukNmd3ijPO0HySD4olyeFuHKva8cr4Up7EEdcR1J1hGR7QdWutiIc8llrHjoSVw9Q6e8SDfxRi4veZPxwMWLgNUQzAMmNKJsNFxlaji6U2SKj7CF/54r7o+sGjFsjdiRiq44dke5/tHKuOlnCAT0/vBqw2RuvFvGFJ+0CS/KSLdOmPoc9YOOOI+6r2H6wkm+j2RrPFvGIePDZPvAVcbW9gG8sw9GLZHoXiPGZpOLpXYhj7/lDwnRNMdoM8W8CE2J4sFBaDPEeBeLF+LCoLQWLgImx14sFDtBYt4F40V40FBaDPHQVC4nR144gphaDAxbwHxoh1AGS3/IH5j3hUO0GiRx4ojlc8AE9A9vygoLChW0dPHlvs7xRa505KgomsEigppTSmlwuZy7lgDn0HpfFEJBYR4qOPEEQTBDodncXHNcXVCCy4uOaokAHhFa9Z+Y+lvwgK5r5LwkJoieMAHJxcx1WYUNVxdcLImgtzDzjqsdR7wWFBSuKXNG9oD46esDmahLHmZg52IHXmiJTS9gkElTAlwTuTs/UkgefSDVxgSJoMxTqJQm5yHUHYfE9rnzIjaCg36YFsRliyN8k0VKP0Gqi3hL+LSFEdAMF+rNFHWDYH1tGymRQ9W0El6pScKI9Yyla7t9YErXE4IHl/eHsgpnoRxCZ98wWXxKYN3848oZ5PzH3MWJpG59zCtBTPYji5+79Y6HFP8P1/tHj06lX3j7wWXrVjf3gtBTPZSuIpOXH1/CDjVJ+8PePHI4kd0j3aO/5p/h+v9oXA6ey8WKrjyMvjKxhm/feGpfGy97jq35P+cA+npguLC4xZXEwrBB9W+hgv8aen1goVmsFx477W60jW6VLkjlJSNyZlnf/AC+l+8byNaN7fWPF8XUFcUluoqSfDLZZn5Q21iW7mImqRcPJ9J8WM7j2rlCWUzjMCFAgmWlZ8wSgFn72MEM5m7lo859odUVMlcuWn4qfEns5GDQhQJG+XtiCXEJCPB1BKlUgTEeJ8JK1LYFkhYluFAWN+m0e/TNt07Wt2tHzHhBkuCUkKClBxPUFFJURYEA4xh2Lx7bh+oSQyK2GCoLvjBXmIx/RUjZ8SL8WEazF+IY2omx7xI6E3vCHjRYnQtQsf8aJCPjRINR2fPytst7sPdozdRr3dKmSDYGp0qBB8sbxxrZ6glkrCT5km9mZnF8Qv/Esp1lTkFnSnYYAqG73btHJPLv+xoo0P6fV1jlJVllKBSg/5Wz6+8M+J5ekZWm1qlEpFIbqkuDu/K24P63hyWtbCpn3YO/S+PpF4pfSYpIZr/f6QhrpgBCa3qIcPUoMeUgFQIDvjz6QyZjAlgf3tGVrJoUGUhQW4ZDqINyzBB9bXgztUEUcabUrK2BNjcFIQ1xlLMB5B3AMbWl1BKWclrbsL4feMbwcVTEAmzBkgXYEkkHDBjhriNBJ5APmZhdznINgdsvkxxwnHay5I7lz+cg1B2YG3WwuxFns+dmMEVP2vGMZpEy3M456mYOcAE2DNm8akpVsJHkbj9faOvFPyRJHS1evl7WiINvSOJkwAXJH6frApM57ByOvU/u8VLKlKha8GngsmYHvcdHaFniwY1sQcqi3gNUdgwWIMlUdCABUFlTm9QxgAKExzBtNqB5HZ7pOxCh3iTVglx+/yA7QWOjlKiIala1Qs7+cKVtvB6UUhVb3ukC4F3P0+sDnXRa2d6ni5SlzT0uSH7P/AGjz3D5pVqxMGEhzer5bC9wcP5GGvtLqZaXTLmMQPmcOCWYpD9Xci4a8Y2iH9eoMQnmUXISdrkDqbBugjF5FJ2jVQqz1nENatQHMpnZgSAHs4KbuMxl8QSkOsIKlqyqYtabADoUvj6wqueCUstRBDip0tykmpspcJuO0MeGihlOu3Msgtf6geXTrC2UnwlKi/s1qPDNSSoAnmSlb+tKh0PU+Ue30s4kfEFdwG9x1j57wnTpWnmdw1Jckm+20bek1c2WzufIXPnf99ocMlPo5xPXCbBEz+wjF0fFEqy4PkQPfH1h8TI6FJNWjKqG/G/bRXiQv4gi64dhQfxYkLVxIdhR8lk69IW3hqUVEBRKwSehHKGy9iNoc0utXXcgAOGCQk4DuASCbZ84QTrUhjQh09uUm6cEgizXc3EG0+rkqIExqt6QaSNgeo89948qN3w6WbgkJqqLVC1RZxtc+sFfp9GMA0stK0ilDgkFmY2Lgn1/CGkiioqqdBcs2ACo3Js2Lgx0yzaeaMtbBg9nhDjC5CbqTz7B0qD+bdt8NmCDiyZinlp5cEAEqtuQP0hZMmTNNOFFyRupgSWe75xe22YiWVTV3X7lKNMXCKzeWwDkqFFJBNyAoN0AHlDWnosUpALXJZnYmlw4S/sPaMzXSR4ikmzMQQfhBdw2wYHp+nWkSlJNRcpuEkAvfcg+W27Rzzi1008mjK0ayqoJD3DqIQEWFlUhJORdtxDUpQSwd+7dMgVB6T72BtiE5upmKBShLbJZSQ5IskFSn6t5RejVMKh4gIvZISGWfuuHFr4v2zGalJ9Ymhtc5IYsSMghIUOzvb0DwOWoEmYbMWHUvi8NFibKswsObY/EA13JjGDhZSAVAWcpKDi5AJcW3jRvenfRI1arXt/zE3gYW5sCBZgQB5YNzHayEhzUT2Fh3Pb0jrjOo2zNroVSCPzihHGlZixDOXuk0367+8FKCOhfuDFQyqSBqjtI7xfvAytgxt07k4ZQjs4cF/Qjzaq7/ALeH8iugosT02sAGcuScZsNx0D5HWJO1EsJqCn7XTksCargH8xGfPlpKiokYZiHc2bbu3+mONTPSOUhAAyTS4PcM6h1f8o5pSltxnQsa1tmlp9UlQJDJ35lOT6WA364xA9XqVIB5HOEgHI2J/t/xnTdeSA5QGIAp+Ld1HI8h6P1DqZC5nyKYj5VAAeaWbrkiCE5N9MtUcK1JCySkBQBVcJSQLDDXs2/UjJjrgCagsXcB7Eh/TB8oz1SqFEYDE5BN7XI7w5w+YtIKkbFyHABtguLi+PWG2krLrhJ04gsu3MQSzLyC5NOD0eN5IaUVoYvcuSnAaxFPTcRhTtPNUtKllyU1ClyAxAtsM5xZ7xpa1xJHOqyThL93JGOnveCMknwihzhumKpMsOzJdxuCHt0z+9jStLMRiY4ewN3BZ3PvC3AZBUipyWZrlmpH3S22/QRqgjr++sbwcZLv+yZWgkqrce1/2IaTOZr/AF3cj8oDLmZdrCxDWcg7evvCmo1X3CCcdhve+M+3rFb86w1HV6o4GbEk3a/uT+3jtCi9y/rbJ2/WMxM1iAHJPMovvhz+Q6DtBjN8otNMk0/GPQe4iRl+MekSLsR4yRwZKimpdyLhgGfDXva8O/ydCQCC6Qbm71OPgKfw9oz1omIUFpWDipNXOHLXYl8Cz+ka+klJKuaYCohiO7Am5u9gcE2aPI2dpWdDCLlslgAAoUnZRSMOQC5/faAajiEkpCSQOhEsXY4U3xByzMI518pSCZjiilkMisrSfiSs4SLPlg8YP8SkG6XJNT3t/lPxddyH+o0peASNPX6eSo3Wl7l0oALZFgzHNr7OY44StCFChQDA1kpUmxIwHZ/J8R3oNRKUSU8qtytZNR7jvvApuiUApVd3NySWGxFPbc9cbw0nVMDT1BlqZazUEi5qmAP8rJBJN7bemIQWpKikSSyblqCMBLggOVF7OekZkxKgukkg0uBh+bFuo9bQyNRNC2pX4iiHA+Is5qsnpZwMCJ+Nr2UPydKkpeYilWGcByoggjIvc7eZAaNaVqZdLqVWXPwowbAAGzPuO3eMriE9SwCqYhWAR8yd2pZhgD3vdh1o5qUIDKYvcZJJcguACQ37u0ZtWugmOzZyALKBvZKxcXYAAF26M56wUlJAUKSHAZKQnJPRiWy5G0AkyqXSU1gsHcXKXZgBfAw5t0jTlzCkJSZXKGY2CVAGwVUXcAOCzdXvCjk08EtAE6Rw7pAduYtdn6OPOMTi04JUCoBSulRULH5gWuzHOFCPTcgFKlKsoeG4cgkgC4YKuSM36HJ89O4PR4k1JwopSkCoJqNN3BIZ2x8ubgxpD/IcuSf/AH7iUULSJxU1MukdQC1zi7gXJbF2jflSybB3GHJ9nO8ZWi0pllzMNTOtjypB5hdrFiNrQ8JgF/EqtYlZzb5vfvgxtGdeAozNfPAmKqBOC1LAkEOVN/uOwYYjV0eqUpNJSyQPiY3JvYJHNnf6mMDiepPwqIIBBNJqa7u+x9o0eETyLJAIUpuYNWALF8G3T3vClzoVwNNPOHILYFrlwL567/SL1XDq5Y3WzqJuehvjv+u4dWQOtQuACSSWBAbYPZgY1VoFaaytKCVIZJUkVMMktQrzN7WGYmWaqk0XXDE/gFpF/DSAWBVYj1239otUqawLqMw4LkpSOjBwXY3B/ERr6qShUlxL5paEqDouQlgo0XGelmABAcCENOEBSSVk1JtZ03s4ZQsD5EWxB8qkromjF1kgouohSi5Nhl7+uMdT0g2iXMoKBMpStVgXuwNxTfdmhfXAV2JUOpaxelwAo7AC8E1Wm/py1bEEkkNk4T942xGqf4RrwMr0i0FISk3woJJCn5qnAci2P7xpTJhpQmoAgAF0grFRLpAVkENds2ZgIwZILMFsehJb2UOhJwci8aiuJ8oS6EgPyl1XYkMSL5wPptlJMQY6igApSzuXKVEqFnIAFhYE3GIak6ws8xh8pcsS5BsBY7Wbdox06w3NZIsxSw5jlIALuzbZeD6CZNmKuKUuagKEqdrkgsfX/iGkxUaEzi6WLPdgwpydkvi2GjOncUmLUEgqBJcDlIPS2/u0MyuEEKCqyWJJ6N0GfftDydLLsFISWQO29iBgF+ojRQ73othbh0mYA9TPfv2sQ2PbpGhLURlRPmE/kH+schTJO5A3Z+1rE7RwqaaspYjlDsSXyLXxGycIE9Y5VEgTdokb2Sed0uqalIsAGXSBcC5IUEgLG9sPmO5rTEMUglLkkKHiAi7eTdYw5M5RZKVKN8JJGA12xb840uHUzGrIBGDSkKLMxJIvt9D5+RKNdOg1ZBC0Aof4bi7B7WB5SbG57xncWTJRKAJSkl6f6aSpWPiUL7ZD5jVSlI/9QhQUFJYklVL2I3Dj/b1Dgn6qcaglSk5IARMuQpyAtQNT3uS1vbODdiPPI06FBLikEsFElKceTAWNz39GpQKUtKUF9qlMkuDUGO+L9PKF+JLmsDMmqWCcVdGPwg8puMiByZBpqS46ElmxcuMMcx1XwZCs+InxEq+AAOs7KqF3sOw7Rp6jXeIkuEpOzhSibFJJUp3sSM3fzhDV6aaiagnnUtFSWUVEi4xZQIb6dLxNXqJwFKioCwpIxYZ8zfzHaE0nQATMDsMtazMTsGF8N/8Ab1LmmW7KBY4YMARSPlAH7tGahNyOozgW87xuaXTh/hKibghTg1Jdiprh6vYwTpIDS4drCUnxBSCbBLi4YWIfu+MmJqZyk1kKLKc2SwF3zuQSB79Ys6WWuYCVqAY8qiCo7O4ynJ69SI61KqUpSJiRSBzXsG+IAMHxnLHrHNy7QmcVlHKp+qMpIZ7JJYVJFrWuRDUvUS5qVIWBUQulTqUC6UpURzcrMsjGfMHClTJSlf1JqrkXRcC+VOHbdgDgMYd0iga1ADwRUk3YkElQIYu4F8be1SiIrRSGTzBAqFRfmJdyeYjs1nurzEJataSsBSCEh7OAou7MpIZhkvGvOR4yEAE2mmzM4arlAscuT1OBuiqelil5YUDYlVJIJyCXBa59fSNod6xsz5c+VLcgFXUmjLvYgE9Dn8BAyZZNlqIYEhQOXw4P5CKnaYpcqpbHKpwTcMlgRY7HpCFgO4HU/v8A5jSk+ph4NvTTklak1BCGLFi1VICQScJtn/iNRM2hJVUFBSCggXIcpDYPLk42HnGNw/RqpJKVBTciklJHMCC4AdiknmdsQfSrQlBSoErCQsHBdKj/AEwaSQCDU/8AgHd8pRvwB6bh/EZSUiYhRSpApvYMk8jFVgBazbju2FxDXpWoikOVKJUVfE5c4HNe5cEufOBI4gsEGXKASEtTSDaosSSCxLnGwEZ842KgilJJGSwN2APpvfMRjx0woY12lQEqUAm7AUrHZyBSGtkbOdmhUzQJVKwouQtJCmxysQ2Lqw12gS9SVKqYDrb4rvcYP9of4guuWhSQUpdQJaw+G3KLE9DYx0RtLpSXBaWJbA1Am1i6SC25pIO0cIWCGISBbJLnNx7N7QFEkpZRtuLC7Hodv79I0lTZKviCerp5Dn2+gN8QnwmgEiQJlqBuzEJO1j1De18Rq6SQlLOGUTyspNQa2yiWLG2Lxzo9Ig8yULAB3U4uOqb7fXtGnw5MqgkB7vYhxhxzBwHGerxPyU/AqsYmqLg2FwTsAGyIKkVEgXWlOarlIZIAqIfKf9feFwKrpQqk3ckFmN8b+8Dl6ZIJUopYBRUCaSoAOQCBZ2P6HEaTml+JE0Dm1KUphVdgHSxKkFiCXJLpsALs3SMxM4g89BAvZY2wRe+/vBkziVFSZapgqTuXYMUFRAp3D7D6RnrHKSyXdylxfLhJ36+kZr9SqN5GtSwuMD73TtEhLRTzQGKE9izi/eLjVZGuE6nlJWrUkWUH2LGoN0Pck27QXTylEOMpZrgYScbmyfpDPC9MlY5rhLEi5Jc4AyM7RqSNaFqpQEBgXWQVK5XbPcDY/nGMpfSNRI1U3mKTiykFaRUwuLuDjHTpHOmmz0c6vETdiWIBDAAgFm3bAsGh5WtVWlClVXN0VEhyyjZiSbFsMYrW6PlSFeLUUFSLKCLsULCWJIIO2XFxiM79NeRCipy/mmKSoF04A+FnU2MDPXvcE3XrSTUlKgq/MCSbu6SSCOx/WK1Kr+GS5TYlSSgjmxSb7vbqY5koSV2ASGL9DbPOeY3wGB6RokhjcifLSRNShgbc9RU9LEICCAwf4j2zHZ1U2muXNUpTEqT8aUpUCNibjlN2yLG8ZuuordL7v8tVzcN2gIYgs4YXBO5O1oNE+iOtbPUpRUoBJIuBZwwHt27w3w1BsySc7A4D2x1+ljCaJ+5L3u4e25bEeh4fImgpVMkUo2LWDgsRmzP5bwTeqAbk6tBASAgrpdQXZ+VxzBmUOWz287QqQUFS2KUKoUTSwuUOADekEDsWgPEl0KLJZP3g3M4LEjd/TeEF6o0FLvUAC4BYAvykhxsLHziFG1wRsaVEpVSvAJPxDlDKbtYFRDFusNzELKQoEISl2YhBakEppCiPu4uSLtGVotXUVAn4mpSAWqL3HS7Xtu8avD5yRL8NSkqFwoAO5dlA1dskO8ZzTQeDO0TzFGlYPM7OAA5Z0ik1EsHIZwB6Hn8KFZUUWUStmZ8n4cAfg4DQFUqXIIoXUCosxQpkkPSQCSpg92GG3vuaiYaZdqgUgkjflBqSDd0l/r3jeL+i1R5pSAiUlZKamJZqk3ILEg3LNfu3k5w/Xom0+LKlBwWV4YbyDjNjd9wIS1ukm1BFimm1KnZNLgh2FLEF+hhmYpNHgsCEgMrswuGAfzIBteHlSaJoelLl/AqWSlJPK66gDcAU4JD+wcloBqpMihVCAFNkrKjv8RqpFwe/beEJmqCrB0DdQOz8rXsfiFzjygc3VmpYQCxHwtYFOVhI+EsBjvtGcYMAJLkpWQ4P+1IHTDDb3i1KRR8ZIc8rAA4uDt7YjpM0LBIloDJzUqzYN1XOI5Tp0OxU7hwTh+hbZm9u9tUAqpNJpPY/6gFA+xEbaf8AywS3xLISTZl/FUXBSqySG7jyjJnrcJtzJSEu+QkWLbMKU9OWNSTpSvTrAWA1C2WQlJcUvUo5YhIHeLfgpGdOT4ahSQ4HY3Z375a4GIk8hQFhV1Fn9Bb1zA9WCC1LEFiRcEsxIULEEgkQWSVAAuCCaWx3D9IVEmxwuUjwwAk1F3VfKSSxA3va/R4akKpcUk3NKsAionJPkfyMI6VZIKSSFJcAd7MwezHaC+IspKDMBUyTTTZQZ3cs5IPlfbMYduwCzZiieVb4DuKQc3cm1mwI41BpcKIFQBA8QEZGAAymCUAAd4WlFCAtIe7ApLFJyL3exNvVo1ZmlIpNZSBLCyOY2ayXzS5uLNfq8U5U7YjNlaVSnKCU0hlJJskEUsQeZlD2doIrSUk/OHs7u71eoI/YjTQZilzVAlIKC3MQgB/la6S+CNxnqknSLKa6qnbBCQEggPnmyMM3YQt/1KR0J8ndCX3s3uIkdJ0aiAWOP8J+pB/GJE3+ocPGS1KTjO5FiB094c4ZOWCDUQn4SQopsbEVe1s4hjXpSpZAUFE/CpOC7dBd7dGgIlTJYCvEDPzJCg4AdiQbfeFxGm1oQdkpWzImBTu5AUnuV7CzOXBvbaH9ZqkpYpKyoXSPDpQAonlS1iMYHQdYyNRPeyAw6kAK9x6C3QQ5LnSy6MKZqgygWNThgCPxvkNGbXtgaGp0pmNMUU1JAJpQLpADumzjNum4hLWajTnEtRJsVKdIewcpChs9nDWzdtGWhxkzKriyt2AfsPV3jLnqlgCkLqcAJoSpnbpY817b2OYnH3jGjO1k4LmBkgMCGc9VHJJ67W7QXUaYBgBUVbgd2t1LhvKA6dNc5NSgmokO+Lbke0bOh4ZKPNPmWIJFJJf5fjGSDno1823lJREzzqCMEfvYx6rgXDTMaWQtKy9KlIUAA3MkuW2tZvezP8gkA1BAVillEAkkndRttCidepIVLlIUnkZqwVU4U9V2OwGzxm8qnxAmITzMMzwpagQSyRU7sWC1JqISd+1+8Z2pm3AswsCL1AEd2byj0uh0gXJFCEqJDk0qSeZmIBDEYL2D9BCXF9Cy+ZM1YUSpISQikqIJSUFJJs1xa++1RmtqGjL0E4JIN83IscY/GNjSTlukJCTZIpeoeZY2bPV2jGmllEAAhJbZzgAFrW/WNPSTPCqEyVS7kOGIcWYbtf8AC0GRCZpp0IUtRmIClilmISCC1yE3DYfe8ElTVABCzSEUmo81NRYp6EEFNnUzWxcKRzEGZWk/IkMoFgSm4bYj0xtDk4yVy1cpwHLUkOSEkj5jch+npGcZU+hF9FdbqeSggVFTBZKbfMA4/wAyTbp0LHzcw00lKjvksoEHNtsN5GNPUauioG4+UhnGzFsjJY/haMibNqu9/wBS9o6UimdJmfeJIe97k+e+0dydXQOQUlzzgqC2Py2IDY2galpKL2UGCWFiNyd3xv7RUjSLW1KFqfDJJf2huK9io3uGTzNUGCwpSk1NqKHuAVlk3YEm5FgekYQDVFwGLM7k5FmF262/KPZ/Z/7GahaQZkpUsEFipaUvcWKFGpsmw9992d9lEy6VrkmZSlILMtUwBgKkOAfheltupjJSjFujRY21Z8y0ejmTVBKEklRIB2fzj0Olkf0iglAPhqSR4iaVLS7OoK36dh2j6DJTpyksVIIBSAuRMS5S5YhTJIu9iMGCaSdp5gImKSSC7qly6X6IcG+7Ocw3kb9FrGl7PmCPs/rJrhOksbskJSBsKST26l93hqX9hteQB/Cq9ZkoN7rEfUzwzS1BdT2SCQoAFnYEJttjtAzI0CpfhNKUCbosWIu7bEZtjaE8kvSD44niJP2F1xDK8IXBAUsBiLcpQD1dsYhrT/YickBM3USEkAhgQtkkAfOkX23/AEe1P2T0BYI68v8AUmKdy1nUf2IUmfYBJKSkzKTe6glSRfDy2I9RmF/P9C0X1/Zz/wCAwHI1KL3chTm/WoObdIeT9lEpSEzNQ9IZPwjCibkM7EmxJz1hBX/T9YIKNQoXDpLH0qSUv7Wg+o+wUxRdGopJAqZLJUWbCSA9iYdL7FqvoZ/kstIJTqRzIpLHmDkuXJI6hjb2jj+Dly8alCRQU3ASXIS5KklnJAwOsAkf9PFEuvVKPYS288kj6Q/J+xskMalq2LlLEeQSw2uIThENf0MpX2YJJKVIUCXBrId74BDfvOYkb6fsxpB93/WBEg1QaI+Oa7XEL5W5SKSlgkMADR/hPSBStcsBhSC+QkA2Y5F9oCjTqWbIJ2wdg5/WH5PC2a9V3LBwG2b5iSw/dqesVRkC/iZqhUVWw5SC+7Y7xQCgrdyHJHT4ixHY+kbM3TOHDVJuLWGeVgGDs1t2jKRLWsmlL2qcsCwaq5OHP084mD2Gh/RcQUhJSQq2FfdIF8g+XqYNr5hmpqCKipSQCxBA5bgdxZ/OHtPwxCkgL5j8xCgkJ7f4t2zvD8zUJACfGCksLBVJsbc7psW/F7Rk8iT4hNnltPwwzJoSpQRMBukjIDYpDPY79I0NRMQkeGguxIekJAJULkknff8AK0Na0TF8yFL8MByUoYh2O5DjLFzjeATZchZtMNTlIBUeYK2HQA9hA5X5JYfQ8ZA/7ykpSnYuVWJDBncOAXMdzl6RcwKCUWLJULAsXNnBd3YmMOboCDzJfcioAsGsxxaNvR8I004BMutBTkucsHueUgny3xEyUY97/AznVp8OY6UylkOwalwSOV0hlbKdyXBtA9RxCbLIyGwKSSQCHpUq4HX6XvApvBdSFs6iyiRSQ1HWon/87XPmfXaKd4YCJybWUgTB7AqIBYuD7wfh51MZn8S1KVqVUlUtTghQSKha1e58n2g2m1GnZlLU1woKBNzevdiCMt+MZ44GtIBUpKXLAA1E7n4XZoY0XDJalGuZSnA6jBcuL7lsmNWoVxiDaKWkrSuUspBLUqUAotbNgzNZ3MekkSjMdKZYWogs1KlKJNwxA6EuegjzXDOG+NOCNMkqsQHWAXGVY+Fr+8fTvspwmZJUVTgAsABJRNKkqFJepJ5QQwJtkA9YjJH2XGFnl5H2J1fOk6dFJUKVTZgS4BJAZFSh5hjGZrv+nmsSrEpX+VdLu5woD69RH1sE5LG9w7Fxs5judS3yg+vnfrFRyTRv8caPB8H+yI0zKpQVlLLVNCV0kjEsAsOZu7biNOdxabJUsKl8gDpVZjsAGBAe2S9zaNc8UlPQhKlkGlkoWoA5DkO3mbQlMlLmKKPBKQokKdiA+4S93vZrWgtvyUkvQnK47qFGlMphl1pWHcWc4dwcG7Rhz/tFPQtQmkEA4LJYHoRg4s/WPeSuHqACayUuXSQAOnxZBtu7wjr/ALNSppdaQWZuw6XsryPaKi/tCkvpnkpf2wBISlClqANk1Et6B1X7RvI1XEZ//alGSB800IFuyC5PrGzI4WmW1JCUs4CUpDUi1gGPW0NTdOQPiWU5VgA4BJa3S0U2n6IV/Z5LU/YZK+adMUVEOaVM+7Colhe1mhzh32L0svaZ1LqY7sAwGL37x6mXLDWDE2wS46m4MdqLElx1sl+gZwPL3hWx0hDScMlyyoIloSTcqCRVfqp3OIaMspb9/nFzNUnz6WOe5eOZc5kuEhPVyLwUFlBRvbfz36e8cCWCcM936+kMomAjYltmi0lP1ex92gAXTpk5KQPTPfz/AEixJl35QT2G/lB1Mx5gB2uT1+kCDAbOPJn6wwOAnokt2SYkFKh+1Nt5xcAj88yvgB3qH1eHpvKJVNnodrPzIy2cn3iRIzflHOFnzVBK2URabgnYlvaMbRrNabm7E3yWd/OJEi8X5Ske0lH+qe1JHZ1gW6WtGDxVRZXmB7ANEiRhj8kmDqZ6iq6jbFza0UnLdc94kSOv0MKZhYXORv0FvyjY4V8KD/8AIoelKy0SJEZPygXxGeoSkspXxDc/+0gwafMITLAJAdDgFhhH6n3MSJGSXEAlxdRExQBsUh+/n1jJR+sSJHRj/KCHuFHnP+U/iI+taFZTo00khlKAYswpNhEiRnn8FoYSXUkG4qUWNw7pv53PuY0tEPj7EN2dIdokSIgammn4R6wrr1EKN9x+UXEiwC8PNz+94YnB3fqB6EG3lEiQhiesLLQBZ8tvyjMcTVGoh9okSGIsm0Ly/wAn+iouJDEdfL6wU4SO35xcSADtB5m2BsPeKSosLxIkAAEF1F/3eGJaRe25/OJEgYHRljoPaLiRIBn/2Q=="
Owl's Head,4025,NH, Moderate, 18.2 miles,44,8,40,0.133333333333333,0.011111111111111,44.1444444444444,71,36,18,0.6,0.005,-71.605, Brooks,http://4000footers.com/photo%20owlshead3.jpg
Galehead,4024,NH, Moderate, 10.2 miles,44,11,7,0.183333333333333,0.001944444444444,44.1852777777778,71,34,25,0.566666666666667,0.006944444444444,-71.5736111111111," North Branch Gale River, Peak Bagging ,",http://4000footers.com/photo%20galehead2.jpg
Saddleback Horn,4023,ME, Moderate, 6.8 miles,44,57,5,0.95,0.001388888888889,44.9513888888889,70,29,14,0.483333333333333,0.003888888888889,-70.4872222222222," Peak bag , Saddleback Maine Ski Resort",http://4000footers.com/photo%20saddleback2.jpg
Whiteface,4020,NH, Moderate, 11.4 miles,43,56,2,0.933333333333333,0.000555555555556,43.9338888888889,71,24,21,0.4,0.005833333333333,-71.4058333333333," Brook, Limited Summit Views, Lookout spots,",http://4000footers.com/photo%20whiteface2.jpg
Mount Redington,4010,ME, Difficult, 8.6 miles,45,1.5,0,0.025,0,45.025,70,23.32,0,0.388666666666667,0,-70.3886666666667," Peak bag , no river crossings, bushwhack, Crocker Cirque ",
Spaulding Mountain,4010,ME, Moderate/Difficult, 13.2 miles,45,0,11,0,0.003055555555556,45.0030555555556,70,20,1,0.333333333333333,0.000277777777778,-70.3336111111111," Peak bag , Spaulding Mountain Campsite, Appalachian Trail",http://4000footers.com/photo%20spaulding1.jpg
Waumbek,4006,NH, Easy, 7.2 miles,44,25.96,0,0.432666666666667,0,44.4326666666667,71,25.06,0,0.417666666666667,0,-71.4176666666667," Limited summit views, Peak Bagging ",http://4000footers.com/photo%20waumbek.jpg
Mount Abraham,4006,VT, Moderate, 10.8 miles,44,7,13,0.116666666666667,0.003611111111111,44.1202777777778,72,56,10,0.933333333333333,0.002777777777778,-72.9361111111111," Long Trail, Peak bag, Battell shelter, plane crash site, no ",
Isolation,4004,NH, Moderate, 12 miles,44,12.88,0,0.214666666666667,0,44.2146666666667,71,18.58,0,0.309666666666667,0,-71.3096666666667," Rocky Branch River, Dry River Wilderness, Glen Boulder, Slide ",http://4000footers.com/photo%20isolation1.jpg
Tecumseh,4003,NH, Easy, 5.2 miles,43,57.99,0,0.9665,0,43.9665,71,33.4,0,0.556666666666667,0,-71.5566666666667," Cascades, Waterville Valley Ski Area, Limited Summit Views, ",http://4000footers.com/photo%20tecumseh.jpg
